<!--
Sysmon for Linux Configuration - TTP-Lab
Copyright © 2025 Mohammed Bencheikh - Be One And Move Academy
EDUCATIONAL USE ONLY
-->
<Sysmon schemaversion="4.70">
  <EventFiltering>
    <!-- Log all process creation events (critical for detecting execution) -->
    <RuleGroup name="" groupRelation="or">
      <ProcessCreate onmatch="include">
        <Rule groupRelation="or">
          <Image condition="contains">bash</Image>
          <Image condition="contains">sh</Image>
          <Image condition="contains">python</Image>
          <Image condition="contains">nc</Image>
          <Image condition="contains">netcat</Image>
          <Image condition="contains">curl</Image>
          <Image condition="contains">wget</Image>
          <Image condition="contains">find</Image>
          <Image condition="contains">sudo</Image>
        </Rule>
      </ProcessCreate>
    </RuleGroup>

    <!-- Log all network connections (for C2 detection) -->
    <RuleGroup name="" groupRelation="or">
      <NetworkConnect onmatch="include">
        <Rule groupRelation="or">
          <DestinationPort condition="is">4444</DestinationPort>
          <DestinationPort condition="is">1234</DestinationPort>
        </Rule>
      </NetworkConnect>
    </RuleGroup>

    <!-- Log file creation in sensitive directories -->
    <RuleGroup name="" groupRelation="or">
      <FileCreate onmatch="include">
        <Rule groupRelation="or">
          <TargetFilename condition="contains">/etc/cron</TargetFilename>
          <TargetFilename condition="contains">/var/spool/cron</TargetFilename>
          <TargetFilename condition="contains">/tmp/</TargetFilename>
        </Rule>
      </FileCreate>
    </RuleGroup>
  </EventFiltering>
</Sysmon>
